# Name,   Type, SubType, Offset,   Size,    Flags
# Justification: OTA dual-slot layout required for remote firmware update support.
# Documented in docs/partition-table.md and docs/ota.md.
# Safety rules reference: safety-rules.md §3 (Partition Table invariant).
nvs,      data, nvs,     0x9000,   0x6000,
phy_init, data, phy,     0xf000,   0x1000,
otadata,  data, ota,     0x10000,  0x2000,
ota_0,    app,  ota_0,   0x12000,  0x17F000,
ota_1,    app,  ota_1,   0x191000, 0x17F000,
spiffs,   data, spiffs,  0x310000, 0xF0000,
